,ROIname,Label,Lobe,Gyrus,description,Yeo_7network,Yeo_17network,index,FS_name,Yeo_7network_name,Yeo_17network_name
0,A8m_L,1,Frontal Lobe ,"SFG, Superior Frontal Gyrus  ", medial area 8,6.0,17.0,0,A8m_L,Frontoparietal,Limbic b
1,A8m_R,2,Frontal Lobe ,"SFG, Superior Frontal Gyrus  ", medial area 8,4.0,8.0,1,A8m_R,Ventral Attention,Salience/VenAttn A
2,A8dl_L,3,Frontal Lobe ,"SFG, Superior Frontal Gyrus  ", dorsolateral area 8,7.0,16.0,2,A8dl_L,Default,Limbic A
3,A8dl_R,4,Frontal Lobe ,"SFG, Superior Frontal Gyrus  ", dorsolateral area 8,6.0,13.0,3,A8dl_R,Frontoparietal,Default A
4,A9l_L,5,Frontal Lobe ,"SFG, Superior Frontal Gyrus  ", lateral area 9,7.0,17.0,4,A9l_L,Default,Limbic b
5,A9l_R,6,Frontal Lobe ,"SFG, Superior Frontal Gyrus  ", lateral area 9,7.0,17.0,5,A9l_R,Default,Limbic b
6,A6dl_L,7,Frontal Lobe ,"SFG, Superior Frontal Gyrus  ", dorsolateral area 6,3.0,6.0,6,A6dl_L,Dorsal Attention,Dorsal Attention A
7,A6dl_R,8,Frontal Lobe ,"SFG, Superior Frontal Gyrus  ", dorsolateral area 6,3.0,6.0,7,A6dl_R,Dorsal Attention,Dorsal Attention A
8,A6m_L,9,Frontal Lobe ,"SFG, Superior Frontal Gyrus  ", medial area 6,2.0,3.0,8,A6m_L,Somatomotor,Somatomotor A
9,A6m_R,10,Frontal Lobe ,"SFG, Superior Frontal Gyrus  ", medial area 6,2.0,3.0,9,A6m_R,Somatomotor,Somatomotor A
10,A9m_L,11,Frontal Lobe ,"SFG, Superior Frontal Gyrus  ",medial area 9,7.0,13.0,10,A9m_L,Default,Default A
11,A9m_R,12,Frontal Lobe ,"SFG, Superior Frontal Gyrus  ",medial area 9,6.0,13.0,11,A9m_R,Frontoparietal,Default A
12,A10m_L,13,Frontal Lobe ,"SFG, Superior Frontal Gyrus  ", medial area 10,7.0,16.0,12,A10m_L,Default,Limbic A
13,A10m_R,14,Frontal Lobe ,"SFG, Superior Frontal Gyrus  ", medial area 10,7.0,16.0,13,A10m_R,Default,Limbic A
14,A9/46d_L,15,Frontal Lobe ,"MFG, Middle Frontal Gyrus ", dorsal area 9/46,4.0,8.0,14,46d_L,Ventral Attention,Salience/VenAttn A
15,A9/46d_R,16,Frontal Lobe ,"MFG, Middle Frontal Gyrus ", dorsal area 9/46,6.0,11.0,15,46d_R,Frontoparietal,Control B
16,IFJ_L,17,Frontal Lobe ,"MFG, Middle Frontal Gyrus ", inferior frontal junction,6.0,12.0,16,IFJ_L,Frontoparietal,Control C
17,IFJ_R,18,Frontal Lobe ,"MFG, Middle Frontal Gyrus ", inferior frontal junction,6.0,12.0,17,IFJ_R,Frontoparietal,Control C
18,A46_L,19,Frontal Lobe ,"MFG, Middle Frontal Gyrus ", area 46,6.0,13.0,18,A46_L,Frontoparietal,Default A
19,A46_R,20,Frontal Lobe ,"MFG, Middle Frontal Gyrus ", area 46,6.0,13.0,19,A46_R,Frontoparietal,Default A
20,A9/46v_L,21,Frontal Lobe ,"MFG, Middle Frontal Gyrus ", ventral area 9/46 ,6.0,12.0,20,46v_L,Frontoparietal,Control C
21,A9/46v_R,22,Frontal Lobe ,"MFG, Middle Frontal Gyrus ", ventral area 9/46 ,6.0,8.0,21,46v_R,Frontoparietal,Salience/VenAttn A
22,A8vl_L,23,Frontal Lobe ,"MFG, Middle Frontal Gyrus ", ventrolateral area 8,7.0,16.0,22,A8vl_L,Default,Limbic A
23,A8vl_R,24,Frontal Lobe ,"MFG, Middle Frontal Gyrus ", ventrolateral area 8,6.0,13.0,23,A8vl_R,Frontoparietal,Default A
24,A6vl_L,25,Frontal Lobe ,"MFG, Middle Frontal Gyrus ", ventrolateral area 6,3.0,6.0,24,A6vl_L,Dorsal Attention,Dorsal Attention A
25,A6vl_R,26,Frontal Lobe ,"MFG, Middle Frontal Gyrus ", ventrolateral area 6,3.0,12.0,25,A6vl_R,Dorsal Attention,Control C
26,A10l_L,27,Frontal Lobe ,"MFG, Middle Frontal Gyrus ", lateral area10,5.0,10.0,26,A10l_L,Limbic,Control A
27,A10l_R,28,Frontal Lobe ,"MFG, Middle Frontal Gyrus ", lateral area10,6.0,13.0,27,A10l_R,Frontoparietal,Default A
28,A44d_L,29,Frontal Lobe ,"IFG, Inferior Frontal Gyrus",dorsal area 44,6.0,12.0,28,A44d_L,Frontoparietal,Control C
29,A44d_R,30,Frontal Lobe ,"IFG, Inferior Frontal Gyrus",dorsal area 44,3.0,12.0,29,A44d_R,Dorsal Attention,Control C
30,IFS_L,31,Frontal Lobe ,"IFG, Inferior Frontal Gyrus", inferior frontal sulcus,6.0,12.0,30,IFS_L,Frontoparietal,Control C
31,IFS_R,32,Frontal Lobe ,"IFG, Inferior Frontal Gyrus", inferior frontal sulcus,6.0,12.0,31,IFS_R,Frontoparietal,Control C
32,A45c_L,33,Frontal Lobe ,"IFG, Inferior Frontal Gyrus", caudal area 45,7.0,17.0,32,A45c_L,Default,Limbic b
33,A45c_R,34,Frontal Lobe ,"IFG, Inferior Frontal Gyrus", caudal area 45,7.0,17.0,33,A45c_R,Default,Limbic b
34,A45r_L,35,Frontal Lobe ,"IFG, Inferior Frontal Gyrus", rostral area 45,7.0,17.0,34,A45r_L,Default,Limbic b
35,A45r_R,36,Frontal Lobe ,"IFG, Inferior Frontal Gyrus", rostral area 45,6.0,8.0,35,A45r_R,Frontoparietal,Salience/VenAttn A
36,A44op_L,37,Frontal Lobe ,"IFG, Inferior Frontal Gyrus", opercular area 44,4.0,7.0,36,A44op_L,Ventral Attention,Dorsal Attention B
37,A44op_R,38,Frontal Lobe ,"IFG, Inferior Frontal Gyrus", opercular area 44,4.0,8.0,37,A44op_R,Ventral Attention,Salience/VenAttn A
38,A44v_L,39,Frontal Lobe ,"IFG, Inferior Frontal Gyrus", ventral area 44,4.0,8.0,38,A44v_L,Ventral Attention,Salience/VenAttn A
39,A44v_R,40,Frontal Lobe ,"IFG, Inferior Frontal Gyrus", ventral area 44,4.0,8.0,39,A44v_R,Ventral Attention,Salience/VenAttn A
40,A14m_L,41,Frontal Lobe ,"OrG, Orbital Gyrus", medial area 14,7.0,16.0,40,A14m_L,Default,Limbic A
41,A14m_R,42,Frontal Lobe ,"OrG, Orbital Gyrus", medial area 14,7.0,16.0,41,A14m_R,Default,Limbic A
42,A12/47o_L,43,Frontal Lobe ,"OrG, Orbital Gyrus", orbital area 12/47,7.0,17.0,42,47o_L,Default,Limbic b
43,A12/47o_R,44,Frontal Lobe ,"OrG, Orbital Gyrus", orbital area 12/47,7.0,17.0,43,47o_R,Default,Limbic b
44,A11l_L,45,Frontal Lobe ,"OrG, Orbital Gyrus", lateral area 11,5.0,10.0,44,A11l_L,Limbic,Control A
45,A11l_R,46,Frontal Lobe ,"OrG, Orbital Gyrus", lateral area 11,6.0,12.0,45,A11l_R,Frontoparietal,Control C
46,A11m_L,47,Frontal Lobe ,"OrG, Orbital Gyrus", medial area 11,5.0,10.0,46,A11m_L,Limbic,Control A
47,A11m_R,48,Frontal Lobe ,"OrG, Orbital Gyrus", medial area 11,5.0,10.0,47,A11m_R,Limbic,Control A
48,A13_L,49,Frontal Lobe ,"OrG, Orbital Gyrus", area 13,5.0,10.0,48,A13_L,Limbic,Control A
49,A13_R,50,Frontal Lobe ,"OrG, Orbital Gyrus", area 13,5.0,10.0,49,A13_R,Limbic,Control A
50,A12/47l_L,51,Frontal Lobe ,"OrG, Orbital Gyrus", lateral area 12/47,7.0,17.0,50,47l_L,Default,Limbic b
51,A12/47l_R,52,Frontal Lobe ,"OrG, Orbital Gyrus", lateral area 12/47,7.0,17.0,51,47l_R,Default,Limbic b
52,A4hf_L,53,Frontal Lobe ,"PrG, Precentral Gyrus", area 4(head and face region),2.0,4.0,52,A4hf_L,Somatomotor,Somatomotor B
53,A4hf_R,54,Frontal Lobe ,"PrG, Precentral Gyrus", area 4(head and face region),2.0,4.0,53,A4hf_R,Somatomotor,Somatomotor B
54,A6cdl_L,55,Frontal Lobe ,"PrG, Precentral Gyrus", caudal dorsolateral area 6,3.0,6.0,54,A6cdl_L,Dorsal Attention,Dorsal Attention A
55,A6cdl_R,56,Frontal Lobe ,"PrG, Precentral Gyrus", caudal dorsolateral area 6,3.0,6.0,55,A6cdl_R,Dorsal Attention,Dorsal Attention A
56,A4ul_L,57,Frontal Lobe ,"PrG, Precentral Gyrus", area 4(upper limb region),2.0,3.0,56,A4ul_L,Somatomotor,Somatomotor A
57,A4ul_R,58,Frontal Lobe ,"PrG, Precentral Gyrus", area 4(upper limb region),2.0,3.0,57,A4ul_R,Somatomotor,Somatomotor A
58,A4t_L,59,Frontal Lobe ,"PrG, Precentral Gyrus", area 4(trunk region),2.0,3.0,58,A4t_L,Somatomotor,Somatomotor A
59,A4t_R,60,Frontal Lobe ,"PrG, Precentral Gyrus", area 4(trunk region),2.0,3.0,59,A4t_R,Somatomotor,Somatomotor A
60,A4tl_L,61,Frontal Lobe ,"PrG, Precentral Gyrus", area 4(tongue and larynx region),4.0,7.0,60,A4tl_L,Ventral Attention,Dorsal Attention B
61,A4tl_R,62,Frontal Lobe ,"PrG, Precentral Gyrus", area 4(tongue and larynx region),4.0,7.0,61,A4tl_R,Ventral Attention,Dorsal Attention B
62,A6cvl_L,63,Frontal Lobe ,"PrG, Precentral Gyrus", caudal ventrolateral area 6,3.0,12.0,62,A6cvl_L,Dorsal Attention,Control C
63,A6cvl_R,64,Frontal Lobe ,"PrG, Precentral Gyrus", caudal ventrolateral area 6,3.0,12.0,63,A6cvl_R,Dorsal Attention,Control C
64,A1/2/3ll_L,65,Frontal Lobe ,"PCL, Paracentral Lobule", area1/2/3 (lower limb region),4.0,7.0,64,3ll_L,Ventral Attention,Dorsal Attention B
65,A1/2/3ll_R,66,Frontal Lobe ,"PCL, Paracentral Lobule", area1/2/3 (lower limb region),2.0,3.0,65,3ll_R,Somatomotor,Somatomotor A
66,A4ll_L,67,Frontal Lobe ,"PCL, Paracentral Lobule", area 4,2.0,3.0,66,A4ll_L,Somatomotor,Somatomotor A
67,A4ll_R,68,Frontal Lobe ,"PCL, Paracentral Lobule", area 4,2.0,3.0,67,A4ll_R,Somatomotor,Somatomotor A
68,A38m_L,69,Temporal Lobe,"STG, Superior Temporal Gyrus", medial area 38,5.0,9.0,68,A38m_L,Limbic,Salience/VenAttn B
69,A38m_R,70,Temporal Lobe,"STG, Superior Temporal Gyrus", medial area 38,5.0,9.0,69,A38m_R,Limbic,Salience/VenAttn B
70,A41/42_L,71,Temporal Lobe,"STG, Superior Temporal Gyrus", area 41/42,2.0,4.0,70,42_L,Somatomotor,Somatomotor B
71,A41/42_R,72,Temporal Lobe,"STG, Superior Temporal Gyrus", area 41/42,2.0,4.0,71,42_R,Somatomotor,Somatomotor B
72,TE1.0 and TE1.2_L,73,Temporal Lobe,"STG, Superior Temporal Gyrus",TE1.0 and TE1.2,2.0,4.0,72,TE1.2_L,Somatomotor,Somatomotor B
73,TE1.0 and TE1.2_R,74,Temporal Lobe,"STG, Superior Temporal Gyrus",TE1.0 and TE1.2,2.0,4.0,73,TE1.2_R,Somatomotor,Somatomotor B
74,A22c_L,75,Temporal Lobe,"STG, Superior Temporal Gyrus", caudal area 22,2.0,14.0,74,A22c_L,Somatomotor,14.0
75,A22c_R,76,Temporal Lobe,"STG, Superior Temporal Gyrus", caudal area 22,2.0,4.0,75,A22c_R,Somatomotor,Somatomotor B
76,A38l_L,77,Temporal Lobe,"STG, Superior Temporal Gyrus", lateral area 38,5.0,9.0,76,A38l_L,Limbic,Salience/VenAttn B
77,A38l_R,78,Temporal Lobe,"STG, Superior Temporal Gyrus", lateral area 38,5.0,9.0,77,A38l_R,Limbic,Salience/VenAttn B
78,A22r_L,79,Temporal Lobe,"STG, Superior Temporal Gyrus", rostral area 22,7.0,14.0,78,A22r_L,Default,14.0
79,A22r_R,80,Temporal Lobe,"STG, Superior Temporal Gyrus", rostral area 22,7.0,17.0,79,A22r_R,Default,Limbic b
80,A21c_L,81,Temporal Lobe,"MTG, Middle Temporal Gyrus", caudal area 21,7.0,17.0,80,A21c_L,Default,Limbic b
81,A21c_R,82,Temporal Lobe,"MTG, Middle Temporal Gyrus", caudal area 21,6.0,13.0,81,A21c_R,Frontoparietal,Default A
82,A21r_L,83,Temporal Lobe,"MTG, Middle Temporal Gyrus", rostral area 21,7.0,17.0,82,A21r_L,Default,Limbic b
83,A21r_R,84,Temporal Lobe,"MTG, Middle Temporal Gyrus", rostral area 21,7.0,17.0,83,A21r_R,Default,Limbic b
84,A37dl_L,85,Temporal Lobe,"MTG, Middle Temporal Gyrus", dorsolateral area37,3.0,6.0,84,A37dl_L,Dorsal Attention,Dorsal Attention A
85,A37dl_R,86,Temporal Lobe,"MTG, Middle Temporal Gyrus", dorsolateral area37,3.0,6.0,85,A37dl_R,Dorsal Attention,Dorsal Attention A
86,aSTS_L,87,Temporal Lobe,"MTG, Middle Temporal Gyrus", anterior superior temporal sulcus,7.0,17.0,86,aSTS_L,Default,Limbic b
87,aSTS_R,88,Temporal Lobe,"MTG, Middle Temporal Gyrus", anterior superior temporal sulcus,7.0,14.0,87,aSTS_R,Default,14.0
88,A20iv_L,89,Temporal Lobe,"ITG, Inferior Temporal Gyrus", intermediate ventral area 20,5.0,9.0,88,A20iv_L,Limbic,Salience/VenAttn B
89,A20iv_R,90,Temporal Lobe,"ITG, Inferior Temporal Gyrus", intermediate ventral area 20,5.0,9.0,89,A20iv_R,Limbic,Salience/VenAttn B
90,A37elv_L,91,Temporal Lobe,"ITG, Inferior Temporal Gyrus", extreme lateroventral area37,3.0,5.0,90,A37elv_L,Dorsal Attention,Temporal Parietal
91,A37elv_R,92,Temporal Lobe,"ITG, Inferior Temporal Gyrus", extreme lateroventral area37,3.0,5.0,91,A37elv_R,Dorsal Attention,Temporal Parietal
92,A20r_L,93,Temporal Lobe,"ITG, Inferior Temporal Gyrus", rostral area 20,5.0,9.0,92,A20r_L,Limbic,Salience/VenAttn B
93,A20r_R,94,Temporal Lobe,"ITG, Inferior Temporal Gyrus", rostral area 20,5.0,9.0,93,A20r_R,Limbic,Salience/VenAttn B
94,A20il_L,95,Temporal Lobe,"ITG, Inferior Temporal Gyrus", intermediate lateral area 20,7.0,17.0,94,A20il_L,Default,Limbic b
95,A20il_R,96,Temporal Lobe,"ITG, Inferior Temporal Gyrus", intermediate lateral area 20,5.0,17.0,95,A20il_R,Limbic,Limbic b
96,A37vl_L,97,Temporal Lobe,"ITG, Inferior Temporal Gyrus", ventrolateral area 37,3.0,12.0,96,A37vl_L,Dorsal Attention,Control C
97,A37vl_R,98,Temporal Lobe,"ITG, Inferior Temporal Gyrus", ventrolateral area 37,3.0,5.0,97,A37vl_R,Dorsal Attention,Temporal Parietal
98,A20cl_L,99,Temporal Lobe,"ITG, Inferior Temporal Gyrus", caudolateral of area 20,6.0,13.0,98,A20cl_L,Frontoparietal,Default A
99,A20cl_R,100,Temporal Lobe,"ITG, Inferior Temporal Gyrus", caudolateral of area 20,6.0,13.0,99,A20cl_R,Frontoparietal,Default A
100,A20cv_L,101,Temporal Lobe,"ITG, Inferior Temporal Gyrus", caudoventral of area 20,5.0,9.0,100,A20cv_L,Limbic,Salience/VenAttn B
101,A20cv_R,102,Temporal Lobe,"ITG, Inferior Temporal Gyrus", caudoventral of area 20,5.0,9.0,101,A20cv_R,Limbic,Salience/VenAttn B
102,A20rv_L,103,Temporal Lobe,"FuG, Fusiform Gyrus", rostroventral area 20,5.0,9.0,102,A20rv_L,Limbic,Salience/VenAttn B
103,A20rv_R,104,Temporal Lobe,"FuG, Fusiform Gyrus", rostroventral area 20,5.0,9.0,103,A20rv_R,Limbic,Salience/VenAttn B
104,A37mv_L,105,Temporal Lobe,"FuG, Fusiform Gyrus", medioventral area37,1.0,1.0,104,A37mv_L,Visual,Visual A
105,A37mv_R,106,Temporal Lobe,"FuG, Fusiform Gyrus", medioventral area37,1.0,1.0,105,A37mv_R,Visual,Visual A
106,A37lv_L,107,Temporal Lobe,"FuG, Fusiform Gyrus", lateroventral area37,3.0,5.0,106,A37lv_L,Dorsal Attention,Temporal Parietal
107,A37lv_R,108,Temporal Lobe,"FuG, Fusiform Gyrus", lateroventral area37,1.0,5.0,107,A37lv_R,Visual,Temporal Parietal
108,A35/36r_L,109,Temporal Lobe,"PhG, Parahippocampal Gyrus", rostral area 35/36,5.0,9.0,108,36r_L,Limbic,Salience/VenAttn B
109,A35/36r_R,110,Temporal Lobe,"PhG, Parahippocampal Gyrus", rostral area 35/36,5.0,9.0,109,36r_R,Limbic,Salience/VenAttn B
110,A35/36c_L,111,Temporal Lobe,"PhG, Parahippocampal Gyrus", caudal area 35/36,5.0,15.0,110,36c_L,Limbic,Default C
111,A35/36c_R,112,Temporal Lobe,"PhG, Parahippocampal Gyrus", caudal area 35/36,1.0,15.0,111,36c_R,Visual,Default C
112,TL_L,113,Temporal Lobe,"PhG, Parahippocampal Gyrus", area TL (lateral PPHC,1.0,15.0,112,TL_L,Visual,Default C
113,TL_R,114,Temporal Lobe,"PhG, Parahippocampal Gyrus", area TL (lateral PPHC,1.0,15.0,113,TL_R,Visual,Default C
114,A28/34_L,115,Temporal Lobe,"PhG, Parahippocampal Gyrus", area 28/34 (EC,5.0,9.0,114,34_L,Limbic,Salience/VenAttn B
115,A28/34_R,116,Temporal Lobe,"PhG, Parahippocampal Gyrus", area 28/34 (EC,5.0,9.0,115,34_R,Limbic,Salience/VenAttn B
116,TI_L,117,Temporal Lobe,"PhG, Parahippocampal Gyrus", area TI(temporal agranular insular cortex),5.0,9.0,116,TI_L,Limbic,Salience/VenAttn B
117,TI_R,118,Temporal Lobe,"PhG, Parahippocampal Gyrus", area TI(temporal agranular insular cortex),5.0,9.0,117,TI_R,Limbic,Salience/VenAttn B
118,TH_L,119,Temporal Lobe,"PhG, Parahippocampal Gyrus", area TH (medial PPHC),1.0,2.0,118,TH_L,Visual,Visual B
119,TH_R,120,Temporal Lobe,"PhG, Parahippocampal Gyrus", area TH (medial PPHC),1.0,2.0,119,TH_R,Visual,Visual B
120,rpSTS_L,121,Temporal Lobe,"pSTS, posterior Superior Temporal Sulcus ", rostroposterior superior temporal sulcus,7.0,14.0,120,rpSTS_L,Default,14.0
121,rpSTS_R,122,Temporal Lobe,"pSTS, posterior Superior Temporal Sulcus ", rostroposterior superior temporal sulcus,7.0,14.0,121,rpSTS_R,Default,14.0
122,cpSTS_L,123,Temporal Lobe,"pSTS, posterior Superior Temporal Sulcus ", caudoposterior superior temporal sulcus,4.0,14.0,122,cpSTS_L,Ventral Attention,14.0
123,cpSTS_R,124,Temporal Lobe,"pSTS, posterior Superior Temporal Sulcus ", caudoposterior superior temporal sulcus,4.0,14.0,123,cpSTS_R,Ventral Attention,14.0
124,A7r_L,125,Parietal Lobe,"SPL, Superior Parietal Lobule", rostral area 7,3.0,6.0,124,A7r_L,Dorsal Attention,Dorsal Attention A
125,A7r_R,126,Parietal Lobe,"SPL, Superior Parietal Lobule", rostral area 7,3.0,6.0,125,A7r_R,Dorsal Attention,Dorsal Attention A
126,A7c_L,127,Parietal Lobe,"SPL, Superior Parietal Lobule", caudal area 7,3.0,5.0,126,A7c_L,Dorsal Attention,Temporal Parietal
127,A7c_R,128,Parietal Lobe,"SPL, Superior Parietal Lobule", caudal area 7,3.0,5.0,127,A7c_R,Dorsal Attention,Temporal Parietal
128,A5l_L,129,Parietal Lobe,"SPL, Superior Parietal Lobule", lateral area 5,3.0,6.0,128,A5l_L,Dorsal Attention,Dorsal Attention A
129,A5l_R,130,Parietal Lobe,"SPL, Superior Parietal Lobule", lateral area 5,3.0,6.0,129,A5l_R,Dorsal Attention,Dorsal Attention A
130,A7pc_L,131,Parietal Lobe,"SPL, Superior Parietal Lobule", postcentral area 7,2.0,3.0,130,A7pc_L,Somatomotor,Somatomotor A
131,A7pc_R,132,Parietal Lobe,"SPL, Superior Parietal Lobule", postcentral area 7,2.0,3.0,131,A7pc_R,Somatomotor,Somatomotor A
132,A7ip_L,133,Parietal Lobe,"SPL, Superior Parietal Lobule", intraparietal area 7(hIP3),3.0,5.0,132,A7ip_L,Dorsal Attention,Temporal Parietal
133,A7ip_R,134,Parietal Lobe,"SPL, Superior Parietal Lobule", intraparietal area 7(hIP3),3.0,5.0,133,A7ip_R,Dorsal Attention,Temporal Parietal
134,A39c_L,135,Parietal Lobe,"IPL, Inferior Parietal Lobule", caudal area 39(PGp),1.0,5.0,134,A39c_L,Visual,Temporal Parietal
135,A39c_R,136,Parietal Lobe,"IPL, Inferior Parietal Lobule", caudal area 39(PGp),1.0,5.0,135,A39c_R,Visual,Temporal Parietal
136,A39rd_L,137,Parietal Lobe,"IPL, Inferior Parietal Lobule", rostrodorsal area 39(Hip3),6.0,12.0,136,A39rd_L,Frontoparietal,Control C
137,A39rd_R,138,Parietal Lobe,"IPL, Inferior Parietal Lobule", rostrodorsal area 39(Hip3),6.0,12.0,137,A39rd_R,Frontoparietal,Control C
138,A40rd_L,139,Parietal Lobe,"IPL, Inferior Parietal Lobule", rostrodorsal area 40(PFt),3.0,6.0,138,A40rd_L,Dorsal Attention,Dorsal Attention A
139,A40rd_R,140,Parietal Lobe,"IPL, Inferior Parietal Lobule", rostrodorsal area 40(PFt),3.0,6.0,139,A40rd_R,Dorsal Attention,Dorsal Attention A
140,A40c_L,141,Parietal Lobe,"IPL, Inferior Parietal Lobule", caudal area 40(PFm),7.0,17.0,140,A40c_L,Default,Limbic b
141,A40c_R,142,Parietal Lobe,"IPL, Inferior Parietal Lobule", caudal area 40(PFm),6.0,13.0,141,A40c_R,Frontoparietal,Default A
142,A39rv_L,143,Parietal Lobe,"IPL, Inferior Parietal Lobule", rostroventral area 39(PGa),3.0,14.0,142,A39rv_L,Dorsal Attention,14.0
143,A39rv_R,144,Parietal Lobe,"IPL, Inferior Parietal Lobule", rostroventral area 39(PGa),7.0,16.0,143,A39rv_R,Default,Limbic A
144,A40rv_L,145,Parietal Lobe,"IPL, Inferior Parietal Lobule", rostroventral area 40(PFop),2.0,4.0,144,A40rv_L,Somatomotor,Somatomotor B
145,A40rv_R,146,Parietal Lobe,"IPL, Inferior Parietal Lobule", rostroventral area 40(PFop),2.0,4.0,145,A40rv_R,Somatomotor,Somatomotor B
146,A7m_L,147,Parietal Lobe,"Pcun, Precuneus", medial area 7(PEp),6.0,11.0,146,A7m_L,Frontoparietal,Control B
147,A7m_R,148,Parietal Lobe,"Pcun, Precuneus", medial area 7(PEp),6.0,11.0,147,A7m_R,Frontoparietal,Control B
148,A5m_L,149,Parietal Lobe,"Pcun, Precuneus", medial area 5(PEm),2.0,3.0,148,A5m_L,Somatomotor,Somatomotor A
149,A5m_R,150,Parietal Lobe,"Pcun, Precuneus", medial area 5(PEm),3.0,6.0,149,A5m_R,Dorsal Attention,Dorsal Attention A
150,dmPOS_L,151,Parietal Lobe,"Pcun, Precuneus", dorsomedial parietooccipital  sulcus(PEr) ,1.0,2.0,150,dmPOS_L,Visual,Visual B
151,dmPOS_R,152,Parietal Lobe,"Pcun, Precuneus", dorsomedial parietooccipital  sulcus(PEr) ,1.0,2.0,151,dmPOS_R,Visual,Visual B
152,A31_L,153,Parietal Lobe,"Pcun, Precuneus", area 31 (Lc1),7.0,16.0,152,A31_L,Default,Limbic A
153,A31_R,154,Parietal Lobe,"Pcun, Precuneus", area 31 (Lc1),7.0,16.0,153,A31_R,Default,Limbic A
154,A1/2/3ulhf_L,155,Parietal Lobe,"PoG, Postcentral Gyrus", area 1/2/3(upper limb,2.0,4.0,154,3ulhf_L,Somatomotor,Somatomotor B
155,A1/2/3ulhf_R,156,Parietal Lobe,"PoG, Postcentral Gyrus", area 1/2/3(upper limb,2.0,4.0,155,3ulhf_R,Somatomotor,Somatomotor B
156,A1/2/3tonIa_L,157,Parietal Lobe,"PoG, Postcentral Gyrus", area 1/2/3(tongue and larynx region),2.0,4.0,156,3tonIa_L,Somatomotor,Somatomotor B
157,A1/2/3tonIa_R,158,Parietal Lobe,"PoG, Postcentral Gyrus", area 1/2/3(tongue and larynx region),2.0,4.0,157,3tonIa_R,Somatomotor,Somatomotor B
158,A2_L,159,Parietal Lobe,"PoG, Postcentral Gyrus", area 2,3.0,6.0,158,A2_L,Dorsal Attention,Dorsal Attention A
159,A2_R,160,Parietal Lobe,"PoG, Postcentral Gyrus", area 2,2.0,3.0,159,A2_R,Somatomotor,Somatomotor A
160,A1/2/3tru_L,161,Parietal Lobe,"PoG, Postcentral Gyrus", area1/2/3(trunk region),2.0,3.0,160,3tru_L,Somatomotor,Somatomotor A
161,A1/2/3tru_R,162,Parietal Lobe,"PoG, Postcentral Gyrus", area1/2/3(trunk region),2.0,3.0,161,3tru_R,Somatomotor,Somatomotor A
162,G_L,163,Insular Lobe,"INS, Insular Gyrus", hypergranular insula,2.0,4.0,162,G_L,Somatomotor,Somatomotor B
163,G_R,164,Insular Lobe,"INS, Insular Gyrus", hypergranular insula,2.0,4.0,163,G_R,Somatomotor,Somatomotor B
164,vIa_L,165,Insular Lobe,"INS, Insular Gyrus", ventral agranular insula,0.0,0.0,164,vIa_L,Subcortical,Subcortical
165,vIa_R,166,Insular Lobe,"INS, Insular Gyrus", ventral agranular insula,6.0,8.0,165,vIa_R,Frontoparietal,Salience/VenAttn A
166,dIa_L,167,Insular Lobe,"INS, Insular Gyrus", dorsal agranular insula,4.0,8.0,166,dIa_L,Ventral Attention,Salience/VenAttn A
167,dIa_R,168,Insular Lobe,"INS, Insular Gyrus", dorsal agranular insula,4.0,8.0,167,dIa_R,Ventral Attention,Salience/VenAttn A
168,vId/vIg_L,169,Insular Lobe,"INS, Insular Gyrus", ventral dysgranular and granular insula,4.0,7.0,168,vIg_L,Ventral Attention,Dorsal Attention B
169,vId/vIg_R,170,Insular Lobe,"INS, Insular Gyrus", ventral dysgranular and granular insula,4.0,7.0,169,vIg_R,Ventral Attention,Dorsal Attention B
170,dIg_L,171,Insular Lobe,"INS, Insular Gyrus", dorsal granular insula,2.0,4.0,170,dIg_L,Somatomotor,Somatomotor B
171,dIg_R,172,Insular Lobe,"INS, Insular Gyrus", dorsal granular insula,2.0,4.0,171,dIg_R,Somatomotor,Somatomotor B
172,dId_L,173,Insular Lobe,"INS, Insular Gyrus", dorsal dysgranular insula,4.0,7.0,172,dId_L,Ventral Attention,Dorsal Attention B
173,dId_R,174,Insular Lobe,"INS, Insular Gyrus", dorsal dysgranular insula,4.0,7.0,173,dId_R,Ventral Attention,Dorsal Attention B
174,A23d_L,175,Limbic Lobe,"CG, Cingulate Gyrus", dorsal area 23,7.0,16.0,174,A23d_L,Default,Limbic A
175,A23d_R,176,Limbic Lobe,"CG, Cingulate Gyrus", dorsal area 23,7.0,16.0,175,A23d_R,Default,Limbic A
176,A24rv_L,177,Limbic Lobe,"CG, Cingulate Gyrus", rostroventral area 24,0.0,0.0,176,A24rv_L,Subcortical,Subcortical
177,A24rv_R,178,Limbic Lobe,"CG, Cingulate Gyrus", rostroventral area 24,0.0,0.0,177,A24rv_R,Subcortical,Subcortical
178,A32p_L,179,Limbic Lobe,"CG, Cingulate Gyrus", pregenual area 32,7.0,16.0,178,A32p_L,Default,Limbic A
179,A32p_R,180,Limbic Lobe,"CG, Cingulate Gyrus", pregenual area 32,4.0,8.0,179,A32p_R,Ventral Attention,Salience/VenAttn A
180,A23v_L,181,Limbic Lobe,"CG, Cingulate Gyrus", ventral area 23,7.0,15.0,180,A23v_L,Default,Default C
181,A23v_R,182,Limbic Lobe,"CG, Cingulate Gyrus", ventral area 23,1.0,15.0,181,A23v_R,Visual,Default C
182,A24cd_L,183,Limbic Lobe,"CG, Cingulate Gyrus", caudodorsal area 24,4.0,7.0,182,A24cd_L,Ventral Attention,Dorsal Attention B
183,A24cd_R,184,Limbic Lobe,"CG, Cingulate Gyrus", caudodorsal area 24,4.0,7.0,183,A24cd_R,Ventral Attention,Dorsal Attention B
184,A23c_L,185,Limbic Lobe,"CG, Cingulate Gyrus", caudal area 23,4.0,8.0,184,A23c_L,Ventral Attention,Salience/VenAttn A
185,A23c_R,186,Limbic Lobe,"CG, Cingulate Gyrus", caudal area 23,4.0,7.0,185,A23c_R,Ventral Attention,Dorsal Attention B
186,A32sg_L,187,Limbic Lobe,"CG, Cingulate Gyrus", subgenual area 32,7.0,16.0,186,A32sg_L,Default,Limbic A
187,A32sg_R,188,Limbic Lobe,"CG, Cingulate Gyrus", subgenual area 32,7.0,16.0,187,A32sg_R,Default,Limbic A
188,cLinG_L,189,Occipital Lobe,"MVOcC, MedioVentral Occipital Cortex", caudal lingual gyrus,1.0,1.0,188,cLinG_L,Visual,Visual A
189,cLinG_R,190,Occipital Lobe,"MVOcC, MedioVentral Occipital Cortex", caudal lingual gyrus,1.0,1.0,189,cLinG_R,Visual,Visual A
190,rCunG_L,191,Occipital Lobe,"MVOcC, MedioVentral Occipital Cortex", rostral cuneus gyrus,1.0,2.0,190,rCunG_L,Visual,Visual B
191,rCunG_R,192,Occipital Lobe,"MVOcC, MedioVentral Occipital Cortex", rostral cuneus gyrus,1.0,2.0,191,rCunG_R,Visual,Visual B
192,cCunG_L,193,Occipital Lobe,"MVOcC, MedioVentral Occipital Cortex", caudal cuneus gyrus,1.0,1.0,192,cCunG_L,Visual,Visual A
193,cCunG_R,194,Occipital Lobe,"MVOcC, MedioVentral Occipital Cortex", caudal cuneus gyrus,1.0,1.0,193,cCunG_R,Visual,Visual A
194,rLinG_L,195,Occipital Lobe,"MVOcC, MedioVentral Occipital Cortex", rostral lingual gyrus,1.0,2.0,194,rLinG_L,Visual,Visual B
195,rLinG_R,196,Occipital Lobe,"MVOcC, MedioVentral Occipital Cortex", rostral lingual gyrus,1.0,1.0,195,rLinG_R,Visual,Visual A
196,vmPOS_L,197,Occipital Lobe,"MVOcC, MedioVentral Occipital Cortex",ventromedial parietooccipital sulcus,1.0,2.0,196,vmPOS_L,Visual,Visual B
197,vmPOS_R,198,Occipital Lobe,"MVOcC, MedioVentral Occipital Cortex",ventromedial parietooccipital sulcus,1.0,2.0,197,vmPOS_R,Visual,Visual B
198,mOccG_L,199,Occipital Lobe,"LOcC, lateral Occipital Cortex", middle occipital gyrus,1.0,1.0,198,mOccG_L,Visual,Visual A
199,mOccG_R,200,Occipital Lobe,"LOcC, lateral Occipital Cortex", middle occipital gyrus,1.0,1.0,199,mOccG_R,Visual,Visual A
200,V5/MT+_L,201,Occipital Lobe,"LOcC, lateral Occipital Cortex", area V5/MT+,3.0,5.0,200,MT+_L,Dorsal Attention,Temporal Parietal
201,V5/MT+_R,202,Occipital Lobe,"LOcC, lateral Occipital Cortex", area V5/MT+,1.0,5.0,201,MT+_R,Visual,Temporal Parietal
202,OPC_L,203,Occipital Lobe,"LOcC, lateral Occipital Cortex", occipital polar cortex,1.0,1.0,202,OPC_L,Visual,Visual A
203,OPC_R,204,Occipital Lobe,"LOcC, lateral Occipital Cortex", occipital polar cortex,1.0,1.0,203,OPC_R,Visual,Visual A
204,iOccG_L,205,Occipital Lobe,"LOcC, lateral Occipital Cortex", inferior occipital gyrus,1.0,1.0,204,iOccG_L,Visual,Visual A
205,iOccG_R,206,Occipital Lobe,"LOcC, lateral Occipital Cortex", inferior occipital gyrus,1.0,1.0,205,iOccG_R,Visual,Visual A
206,msOccG_L,207,Occipital Lobe,"LOcC, lateral Occipital Cortex", medial superior occipital gyrus,1.0,2.0,206,msOccG_L,Visual,Visual B
207,msOccG_R,208,Occipital Lobe,"LOcC, lateral Occipital Cortex", medial superior occipital gyrus,1.0,2.0,207,msOccG_R,Visual,Visual B
208,lsOccG_L,209,Occipital Lobe,"LOcC, lateral Occipital Cortex", lateral superior occipital gyrus,1.0,1.0,208,lsOccG_L,Visual,Visual A
209,lsOccG_R,210,Occipital Lobe,"LOcC, lateral Occipital Cortex", lateral superior occipital gyrus,1.0,5.0,209,lsOccG_R,Visual,Temporal Parietal
210,mAmyg_L,211,Subcortical Nuclei,"Amyg, Amygdala", medial amygdala,0.0,0.0,210,,Subcortical,Subcortical
211,mAmyg_R,212,Subcortical Nuclei,"Amyg, Amygdala", medial amygdala,0.0,0.0,211,,Subcortical,Subcortical
212,lAmyg_L,213,Subcortical Nuclei,"Amyg, Amygdala", lateral amygdala,0.0,0.0,212,,Subcortical,Subcortical
213,lAmyg_R,214,Subcortical Nuclei,"Amyg, Amygdala", lateral amygdala,0.0,0.0,213,,Subcortical,Subcortical
214,rHipp_L,215,Subcortical Nuclei,"Hipp, Hippocampus", rostral hippocampus,0.0,0.0,214,,Subcortical,Subcortical
215,rHipp_R,216,Subcortical Nuclei,"Hipp, Hippocampus", rostral hippocampus,0.0,0.0,215,,Subcortical,Subcortical
216,cHipp_L,217,Subcortical Nuclei,"Hipp, Hippocampus", caudal hippocampus,0.0,0.0,216,,Subcortical,Subcortical
217,cHipp_R,218,Subcortical Nuclei,"Hipp, Hippocampus", caudal hippocampus,0.0,0.0,217,,Subcortical,Subcortical
218,vCa_L,219,Subcortical Nuclei,"BG, Basal Ganglia", ventral caudate,0.0,0.0,218,,Subcortical,Subcortical
219,vCa_R,220,Subcortical Nuclei,"BG, Basal Ganglia", ventral caudate,0.0,0.0,219,,Subcortical,Subcortical
220,GP_L,221,Subcortical Nuclei,"BG, Basal Ganglia", globus pallidus,0.0,0.0,220,,Subcortical,Subcortical
221,GP_R,222,Subcortical Nuclei,"BG, Basal Ganglia", globus pallidus,0.0,0.0,221,,Subcortical,Subcortical
222,NAC_L,223,Subcortical Nuclei,"BG, Basal Ganglia", nucleus accumbens,0.0,0.0,222,,Subcortical,Subcortical
223,NAC_R,224,Subcortical Nuclei,"BG, Basal Ganglia", nucleus accumbens,0.0,0.0,223,,Subcortical,Subcortical
224,vmPu_L,225,Subcortical Nuclei,"BG, Basal Ganglia", ventromedial putamen,0.0,0.0,224,,Subcortical,Subcortical
225,vmPu_R,226,Subcortical Nuclei,"BG, Basal Ganglia", ventromedial putamen,0.0,0.0,225,,Subcortical,Subcortical
226,dCa_L,227,Subcortical Nuclei,"BG, Basal Ganglia", dorsal caudate,0.0,0.0,226,,Subcortical,Subcortical
227,dCa_R,228,Subcortical Nuclei,"BG, Basal Ganglia", dorsal caudate,0.0,0.0,227,,Subcortical,Subcortical
228,dlPu_L,229,Subcortical Nuclei,"BG, Basal Ganglia", dorsolateral putamen,0.0,0.0,228,,Subcortical,Subcortical
229,dlPu_R,230,Subcortical Nuclei,"BG, Basal Ganglia", dorsolateral putamen,0.0,0.0,229,,Subcortical,Subcortical
230,mPFtha_L,231,Subcortical Nuclei,"Tha, Thalamus", medial pre-frontal thalamus,0.0,0.0,230,,Subcortical,Subcortical
231,mPFtha_R,232,Subcortical Nuclei,"Tha, Thalamus", medial pre-frontal thalamus,0.0,0.0,231,,Subcortical,Subcortical
232,mPMtha_L,233,Subcortical Nuclei,"Tha, Thalamus", pre-motor thalamus,0.0,0.0,232,,Subcortical,Subcortical
233,mPMtha_R,234,Subcortical Nuclei,"Tha, Thalamus", pre-motor thalamus,0.0,0.0,233,,Subcortical,Subcortical
234,Stha_L,235,Subcortical Nuclei,"Tha, Thalamus", sensory thalamus,0.0,0.0,234,,Subcortical,Subcortical
235,Stha_R,236,Subcortical Nuclei,"Tha, Thalamus", sensory thalamus,0.0,0.0,235,,Subcortical,Subcortical
236,rTtha_L,237,Subcortical Nuclei,"Tha, Thalamus", rostral temporal thalamus,0.0,0.0,236,,Subcortical,Subcortical
237,rTtha_R,238,Subcortical Nuclei,"Tha, Thalamus", rostral temporal thalamus,0.0,0.0,237,,Subcortical,Subcortical
238,PPtha_L,239,Subcortical Nuclei,"Tha, Thalamus", posterior parietal thalamus,0.0,0.0,238,,Subcortical,Subcortical
239,PPtha_R,240,Subcortical Nuclei,"Tha, Thalamus", posterior parietal thalamus,0.0,0.0,239,,Subcortical,Subcortical
240,Otha_L,241,Subcortical Nuclei,"Tha, Thalamus", occipital thalamus,0.0,0.0,240,,Subcortical,Subcortical
241,Otha_R,242,Subcortical Nuclei,"Tha, Thalamus", occipital thalamus,0.0,0.0,241,,Subcortical,Subcortical
242,cTtha_L,243,Subcortical Nuclei,"Tha, Thalamus", caudal temporal thalamus,0.0,0.0,242,,Subcortical,Subcortical
243,cTtha_R,244,Subcortical Nuclei,"Tha, Thalamus", caudal temporal thalamus,0.0,0.0,243,,Subcortical,Subcortical
244,lPFtha_L,245,Subcortical Nuclei,"Tha, Thalamus", lateral pre-frontal thalamus,0.0,0.0,244,,Subcortical,Subcortical
245,lPFtha_R,246,Subcortical Nuclei,"Tha, Thalamus", lateral pre-frontal thalamus,0.0,0.0,245,,Subcortical,Subcortical
246,Cereb_0,247,Cerebellum,Cerebellum,Unknown,,,246,,,
247,Cereb_1,248,Cerebellum,Cerebellum,Unknown,,,247,,,
248,Cereb_2,249,Cerebellum,Cerebellum,Unknown,,,248,,,
249,Cereb_3,250,Cerebellum,Cerebellum,Unknown,,,249,,,
250,Cereb_4,251,Cerebellum,Cerebellum,Unknown,,,250,,,
251,Cereb_5,252,Cerebellum,Cerebellum,Unknown,,,251,,,
252,Cereb_6,253,Cerebellum,Cerebellum,Unknown,,,252,,,
253,Cereb_7,254,Cerebellum,Cerebellum,Unknown,,,253,,,
254,Cereb_8,255,Cerebellum,Cerebellum,Unknown,,,254,,,
255,Cereb_9,256,Cerebellum,Cerebellum,Unknown,,,255,,,
256,Cereb_10,257,Cerebellum,Cerebellum,Unknown,,,256,,,
257,Cereb_11,258,Cerebellum,Cerebellum,Unknown,,,257,,,
258,Cereb_12,259,Cerebellum,Cerebellum,Unknown,,,258,,,
259,Cereb_13,260,Cerebellum,Cerebellum,Unknown,,,259,,,
260,Cereb_14,261,Cerebellum,Cerebellum,Unknown,,,260,,,
261,Cereb_15,262,Cerebellum,Cerebellum,Unknown,,,261,,,
262,Cereb_16,263,Cerebellum,Cerebellum,Unknown,,,262,,,
263,Cereb_17,264,Cerebellum,Cerebellum,Unknown,,,263,,,
264,Cereb_18,265,Cerebellum,Cerebellum,Unknown,,,264,,,
265,Cereb_19,266,Cerebellum,Cerebellum,Unknown,,,265,,,
266,Cereb_20,267,Cerebellum,Cerebellum,Unknown,,,266,,,
267,Cereb_21,268,Cerebellum,Cerebellum,Unknown,,,267,,,
268,Cereb_22,269,Cerebellum,Cerebellum,Unknown,,,268,,,
269,Cereb_23,270,Cerebellum,Cerebellum,Unknown,,,269,,,
270,Cereb_24,271,Cerebellum,Cerebellum,Unknown,,,270,,,
271,Cereb_25,272,Cerebellum,Cerebellum,Unknown,,,271,,,
272,Cereb_26,273,Cerebellum,Cerebellum,Unknown,,,272,,,
273,Cereb_27,274,Cerebellum,Cerebellum,Unknown,,,273,,,
